{
    "type": "opensaberLayoutSchema",
    "version": "0.1",
    "forms": [
        {
            "company-signup": {
                "api": "/Company/invite",
                "type": "entity",
                "formclass":"row",
                "header":"main",
                "title": "Sign up / Create new account",
                "fieldsets": [
                    {
                        "definition": "Company",
                        "fields": ["*"]
                    }
                ],
                "redirectTo":"/profile/company"
            }
        },
        {
            "person-signup": {
                "api": "/Person/invite",
                "type": "entity",
                "formclass":"row",
                "header":"main",
                "title": "Sign up / Create new account",
                "fieldsets": [
                    {
                        "definition": "Person",
                        "fields": [
                            {
                                "name":"identityDetails",
                                "children": {
                                    "definition": "IdentityDetails",
                                    "title": false,
                                    "fields": [
                                        {
                                            "name": "fullName",
                                            "required": true
                                        }
                                    ]
                                }
                            },
                            {
                                "name":"contactDetails",
                                "children": {
                                    "definition": "ContactDetails",
                                    "title": false,
                                    "fields": [
                                        {
                                            "name": "email",
                                            "required": true
                                        },
                                        {
                                            "name": "mobile",
                                            "required": true
                                        }
                                    ]
                                }
                            }
                        ]
                    }
                ],
                "redirectTo":"/profile/person"
            }
        },
        {
            "person-setup": {
                "api": "/Person",
                "type": "entity",
                "redirectTo":"/profile/person",
                "fieldsets": [
                    {
                        "definition": "Person",
                        "fields": [
                            {
                                "name":"contactDetails"
                            },
                            {
                                "name":"identityDetails",
                                "children":{
                                    "definition": "IdentityDetails",
                                    "title": false,
                                    "fields": [
                                        {
                                            "name": "fullName",
                                            "required": true
                                        },
                                        {
                                            "name": "gender",
                                            "required": true
                                        },
                                        {
                                            "name": "dob",
                                            "required": true,
                                            "type": "date"
                                        },
                                        {
                                            "name": "identityType",
                                            "required": true
                                        },
                                        {
                                            "name": "identityValue",
                                            "required": true
                                        }
                                    ]
                                }
                            }
                        ]
                    }
                ]
            }
        },
        {
            "policy": {
                "api": "/Policy",
                "type": "property:Policy",
                "redirectTo":"/profile/person",
                "fieldsets": [
                    {
                        "definition": "Person",
                        "fields": [
                            {
                                "name":"policy",
                                "required": true
                            }
                        ]
                    }
                ]
            }
        }
    ]
}