{
    "consumes": [
      "application/json"
    ],
    "produces": [
      "application/json"
    ],
    "schemes": [
      "https"
    ],
    "swagger": "2.0",
    "info": {
      "description": "Open saber registry and credential api",
      "title": "Registry and Credential",
      "version": "1.0.0"
    },
    "host": "YOUR_HOST_URL",
    "basePath": "/",
    "paths": {},
    "definitions": {
      "Company": {
        "type": "object",
        "title": "Policy Company Schema",
        "required": [],
        "properties": {
          "companyName": {
            "type": "string",
            "title": "Company Name"
          },
          "address": {
            "type": "object",
            "required": [],
            "properties": {
              "plot": {
                "type": "string",
                "title": "Plot"
              },
              "street": {
                "type": "string",
                "title": "Street"
              },
              "landmark": {
                "type": "string",
                "title": "Landmark"
              },
              "locality": {
                "type": "string",
                "title": "Locality"
              },
              "state": {
                "type": "string",
                "title": "State",
                "enum": [
                  "Andaman and Nicobar Islands",
                  "Andhra Pradesh",
                  "Arunachal Pradesh",
                  "Assam",
                  "Bihar",
                  "Chandigarh",
                  "Chhattisgarh",
                  "Dadra and Nagar Haveli",
                  "Daman and Diu",
                  "Delhi",
                  "Goa",
                  "Gujarat",
                  "Haryana",
                  "Himachal Pradesh",
                  "Jammu and Kashmir",
                  "Jharkhand",
                  "Karnataka",
                  "Kerala",
                  "Ladakh",
                  "Lakshadweep",
                  "Madhya Pradesh",
                  "Maharashtra",
                  "Manipur",
                  "Meghalaya",
                  "Mizoram",
                  "Nagaland",
                  "Odisha",
                  "Puducherry",
                  "Punjab",
                  "Rajasthan",
                  "Sikkim",
                  "Tamil Nadu",
                  "Telangana",
                  "Tripura",
                  "Uttar Pradesh",
                  "Uttarakhand",
                  "West Bengal"
                ]
              },
              "district": {
                "type": "string",
                "title": "District"
              },
              "village": {
                "type": "string",
                "title": "Village/Town/City"
              },
              "pincode": {
                "type": "string",
                "title": "Pincode"
              }
            }
          },
          "establishmentYear": {
            "type": "string",
            "title": "Year of establishment of institute"
          },
          "gstnId": {
            "type": "string",
            "title": "GSTN ID"
          },
          "contactNumber": {
            "type": "string",
            "title": "Landline / Mobile"
          },
          "email": {
            "type": "string",
            "format": "email",
            "title": "Email"
          },
          "website": {
            "type": "string",
            "format": "uri",
            "title": "Website"
          }
        }
      },
      "Person": {
        "type": "object",
        "title": "Person Schema",
        "required": [],
        "properties": {
          "identityDetails": {
            "type": "object",
            "title": "Identity Details",
            "description": "Identity Details",
            "required": [],
            "properties": {
              "fullName": {
                "type": "string",
                "title": "Full name"
              },
              "gender": {
                "type": "string",
                "enum": [
                  "Male",
                  "Female",
                  "Other"
                ],
                "title": "Gender"
              },
              "dob": {
                "type": "string",
                "format": "date",
                "title": "DOB"
              },
              "identityType": {
                "type": "string",
                "$comment": "Nationality",
                "title": "ID Type"
              },
              "identityValue": {
                "type": "string",
                "$comment": "Nationality",
                "title": "ID Value"
              }
            }
          },
          "contactDetails": {
            "type": "object",
            "title": "Contact Details",
            "description": "Contact Details",
            "required": [],
            "properties": {
              "email": {
                "type": "string",
                "title": "Email"
              },
              "mobile": {
                "type": "string",
                "title": "Mobile"
              },
              "address": {
                "type": "object",
                "required": [],
                "properties": {
                  "plot": {
                    "type": "string",
                    "title": "Plot"
                  },
                  "street": {
                    "type": "string",
                    "title": "Street"
                  },
                  "landmark": {
                    "type": "string",
                    "title": "Landmark"
                  },
                  "locality": {
                    "type": "string",
                    "title": "Locality"
                  },
                  "state": {
                    "type": "string",
                    "title": "State",
                    "enum": [
                      "Andaman and Nicobar Islands",
                      "Andhra Pradesh",
                      "Arunachal Pradesh",
                      "Assam",
                      "Bihar",
                      "Chandigarh",
                      "Chhattisgarh",
                      "Dadra and Nagar Haveli",
                      "Daman and Diu",
                      "Delhi",
                      "Goa",
                      "Gujarat",
                      "Haryana",
                      "Himachal Pradesh",
                      "Jammu and Kashmir",
                      "Jharkhand",
                      "Karnataka",
                      "Kerala",
                      "Ladakh",
                      "Lakshadweep",
                      "Madhya Pradesh",
                      "Maharashtra",
                      "Manipur",
                      "Meghalaya",
                      "Mizoram",
                      "Nagaland",
                      "Odisha",
                      "Puducherry",
                      "Punjab",
                      "Rajasthan",
                      "Sikkim",
                      "Tamil Nadu",
                      "Telangana",
                      "Tripura",
                      "Uttar Pradesh",
                      "Uttarakhand",
                      "West Bengal"
                    ]
                  },
                  "district": {
                    "type": "string",
                    "title": "District"
                  },
                  "village": {
                    "type": "string",
                    "title": "Village/Town/City"
                  },
                  "pincode": {
                    "type": "string",
                    "title": "Pincode"
                  }
                }
              }
            }
          },
          "policy": {
            "type": "array",
            "items": {
              "type": "object",
              "properties": {
                "policyName": {
                  "type": "string",
                  "title": "Policy Name"
                },
                "startDate": {
                  "type": "string",
                  "title": "Start Date",
                  "format": "date"
                },
                "endDate": {
                  "type": "string",
                  "format": "date",
                  "title": "End Date"
                },
                "amount": {
                  "type": "string",
                  "title": "Paying amount"
                },
                "tenure": {
                  "type": "string",
                  "title": "Tenure in months"
                }
              }
            },
            "title": "Person Details"
          }
        }
      },
      "IdentityDetails": {
        "type": "object",
        "title": "Identity Details",
        "description": "Identity Details",
        "required": [],
        "properties": {
          "fullName": {
            "type": "string",
            "title": "Full name"
          },
          "gender": {
            "type": "string",
            "enum": [
              "Male",
              "Female",
              "Other"
            ],
            "title": "Gender"
          },
          "dob": {
            "type": "string",
            "format": "date",
            "title": "DOB"
          },
          "identityType": {
            "type": "string",
            "title": "ID Type"
          },
          "identityValue": {
            "type": "string",
            "title": "ID Value"
          }
        }
      },
      "ContactDetails": {
        "type": "object",
        "title": "Contact Details",
        "description": "Contact Details",
        "required": [],
        "properties": {
          "email": {
            "type": "string",
            "title": "Email"
          },
          "mobile": {
            "type": "string",
            "title": "Mobile"
          },
          "address": {
            "$ref": "#/definitions/Address",
            "title": "Address"
          }
        }
      }
    }
  }