{
    "type": "opensaberLayoutSchema",
    "version": "0.1",
    "tables": [
        {
            "teacher-attestation": {
                "api": "/Teacher/claims",
                "title": "Teacher Attestations",
                "fields": [
                    {
                        "name": "createdAt",
                        "title": "Submited Date",
                        "formate": "date"
                    },
                    {
                        "name": "requestorName",
                        "title": "Name"
                    },
                    {   
                        "custom": true,
                        "title": "Action",
                        "type": "button",
                        "buttonText": "Attest",
                        "redirectTo": "/Teacher/attestation/teacher-attestation/:id"
                    }
                ]
            }
        },
        {
            "institute-attestation": {
                "api": "/Institute/claims",
                "title": "Institute Attestations",
                "fields": [
                    {
                        "name": "createdAt",
                        "title": "Submited Date"
                    },
                    {
                        "name": "requestorName",
                        "title": "Name"
                    },
                    {   
                        "custom": true,
                        "title": "Action",
                        "type": "button",
                        "buttonText": "Attest",
                        "redirectTo": "/Institute/attestation/institute-attestation/:id"
                    }
                ]
            }
        },
        {
            "board-cbse-attestation": {
                "api": "/board-cbse/claims",
                "title": "CBSE Board Attestations",
                "fields": [
                    {
                        "name": "createdAt",
                        "title": "Submited Date"
                    },
                    {
                        "name": "requestorName",
                        "title": "Name"
                    },
                    {   
                        "custom": true,
                        "title": "Action",
                        "type": "button",
                        "buttonText": "Attest",
                        "redirectTo": "/board-cbse/attestation/board-cbse-attestation/:id"
                    }
                ]
            }
        }
    ]
}